TIME,ITERATIONS,EDGE_COVERAGE,BLOCK_COVERAGE
1701111574,1,319.00,209.00
1701111585,3,348.00,230.00
1701111585,4,351.00,233.00
1701111585,6,353.00,234.00
1701111585,7,356.00,234.00
1701111585,9,358.00,235.00
1701111585,17,363.00,238.00
1701111585,18,364.00,239.00
1701111585,19,365.00,239.00
1701111585,21,366.00,239.00
1701111585,26,367.00,239.00
1701111585,27,368.00,239.00
1701111586,33,369.00,239.00
1701111586,37,371.00,240.00
1701111586,40,374.00,241.00
1701111586,45,375.00,241.00
1701111586,46,378.00,243.00
1701111586,47,379.00,243.00
1701111586,58,380.00,243.00
1701111587,81,611.00,406.00
1701111587,82,624.00,410.00
1701111587,84,625.00,410.00
1701111587,86,629.00,413.00
1701111587,92,631.00,414.00
1701111588,104,632.00,415.00
1701111588,105,633.00,415.00
1701111589,169,635.00,415.00
1701111590,200,641.00,418.00
1701111590,203,642.00,418.00
1701111590,220,643.00,418.00
1701111590,222,645.00,419.00
1701111591,252,649.00,419.00
1701111591,253,650.00,419.00
1701111591,261,651.00,419.00
1701111592,281,653.00,421.00
1701111592,282,655.00,421.00
1701111592,285,656.00,421.00
1701111596,469,657.00,421.00
1701111597,493,658.00,422.00
1701111597,494,659.00,422.00
1701111597,511,661.00,422.00
1701111597,516,676.00,428.00
1701111598,535,678.00,428.00
1701111601,685,683.00,428.00
1701111601,686,684.00,428.00
1701111603,745,685.00,428.00
1701111603,749,686.00,428.00
1701111604,771,691.00,428.00
1701111604,808,692.00,428.00
1701111606,841,698.00,430.00
1701111606,856,699.00,431.00
1701111606,857,700.00,431.00
1701111606,866,701.00,431.00
1701111609,1007,703.00,432.00
1701111612,1095,704.00,432.00
1701111613,1152,705.00,432.00
1701111614,1158,716.00,441.00
1701111614,1161,717.00,441.00
1701111614,1198,718.00,441.00
1701111615,1205,719.00,441.00
1701111616,1262,720.00,441.00
1701111616,1264,722.00,442.00
1701111618,1340,723.00,442.00
1701111619,1370,724.00,442.00
1701111619,1371,725.00,442.00
1701111620,1406,730.00,446.00
1701111620,1407,731.00,446.00
1701111622,1511,732.00,446.00
1701111623,1513,735.00,447.00
1701111626,1635,736.00,447.00
1701111629,1747,737.00,447.00
1701111629,1749,739.00,447.00
1701111631,1824,740.00,447.00
1701111631,1846,760.00,457.00
1701111632,1865,761.00,457.00
1701111632,1892,763.00,457.00
1701111633,1924,766.00,457.00
1701111633,1936,775.00,461.00
1701111642,2286,776.00,461.00
1701111643,2338,777.00,461.00
1701111645,2430,779.00,461.00
1701111647,2502,792.00,467.00
1701111648,2527,794.00,468.00
1701111651,2646,799.00,468.00
1701111651,2673,800.00,468.00
1701111651,2676,802.00,468.00
1701111655,2807,848.00,488.00
1701111656,2845,850.00,488.00
1701111656,2882,854.00,490.00
1701111659,2958,856.00,491.00
1701111662,3072,857.00,491.00
1701111662,3090,860.00,491.00
1701111662,3091,861.00,491.00
1701111663,3101,862.00,491.00
1701111663,3142,863.00,491.00
1701111663,3143,864.00,491.00
1701111668,3334,865.00,491.00
1701111668,3344,867.00,492.00
1701111669,3375,868.00,492.00
1701111674,3539,869.00,492.00
1701111676,3601,871.00,493.00
1701111678,3672,872.00,493.00
1701111681,3802,873.00,493.00
1701111683,3864,876.00,495.00
1701111683,3875,878.00,496.00
1701111683,3880,880.00,496.00
1701111687,3974,881.00,496.00
1701111687,3982,882.00,496.00
1701111689,4041,883.00,496.00
1701111690,4075,888.00,497.00
1701111690,4083,891.00,498.00
1701111699,4366,892.00,498.00
1701111700,4373,893.00,498.00
1701111700,4376,895.00,498.00
1701111700,4383,896.00,498.00
1701111700,4394,900.00,499.00
1701111700,4399,901.00,499.00
1701111701,4441,902.00,499.00
1701111702,4446,903.00,499.00
1701111704,4523,904.00,499.00
1701111704,4529,905.00,499.00
1701111704,4532,906.00,499.00
1701111705,4584,907.00,499.00
1701111705,4585,908.00,499.00
1701111705,4589,909.00,499.00
1701111705,4591,910.00,499.00
1701111705,4592,911.00,499.00
1701111705,4593,912.00,499.00
1701111706,4598,913.00,500.00
1701111706,4599,914.00,500.00
1701111706,4605,915.00,500.00
1701111706,4608,916.00,500.00
1701111708,4693,918.00,500.00
1701111709,4723,932.00,506.00
1701111709,4725,933.00,506.00
1701111709,4734,935.00,506.00
1701111709,4737,936.00,506.00
1701111710,4756,937.00,506.00
1701111710,4774,938.00,506.00
1701111711,4784,939.00,506.00
1701111711,4785,940.00,506.00
1701111711,4791,941.00,506.00
1701111711,4793,942.00,506.00
1701111712,4812,943.00,506.00
1701111712,4814,944.00,506.00
1701111712,4818,945.00,507.00
1701111712,4820,946.00,507.00
1701111712,4828,949.00,508.00
1701111713,4872,950.00,508.00
1701111713,4874,951.00,508.00
1701111715,4926,954.00,510.00
1701111715,4939,955.00,510.00
1701111716,4949,962.00,513.00
1701111716,4950,963.00,513.00
1701111718,5049,964.00,513.00
1701111722,5139,965.00,513.00
1701111723,5193,967.00,514.00
1701111726,5267,968.00,514.00
1701111726,5272,969.00,514.00
1701111726,5274,971.00,514.00
1701111726,5276,972.00,514.00
1701111727,5294,973.00,514.00
1701111727,5300,974.00,514.00
1701111728,5315,975.00,514.00
1701111728,5321,976.00,514.00
1701111729,5366,977.00,514.00
1701111729,5367,978.00,514.00
1701111734,5491,979.00,514.00
1701111736,5553,980.00,514.00
1701111736,5561,981.00,514.00
1701111737,5593,982.00,514.00
1701111739,5634,984.00,514.00
1701111742,5732,985.00,514.00
1701111744,5783,988.00,514.00
1701111745,5805,989.00,514.00
1701111755,6077,990.00,514.00
1701111756,6130,991.00,514.00
1701111761,6286,992.00,514.00
1701111762,6331,994.00,514.00
1701111764,6384,995.00,514.00
1701111764,6390,996.00,514.00
1701111765,6425,997.00,514.00
1701111766,6440,998.00,514.00
1701111766,6449,999.00,514.00
1701111767,6464,1000.00,514.00
1701111768,6494,1001.00,514.00
1701111769,6523,1002.00,514.00
1701111769,6534,1003.00,514.00
1701111770,6550,1010.00,516.00
1701111770,6569,1013.00,517.00
1701111771,6592,1014.00,517.00
1701111775,6719,1015.00,517.00
1701111777,6767,1016.00,517.00
1701111778,6810,1017.00,517.00
1701111778,6811,1018.00,517.00
1701111782,6896,1019.00,517.00
1701111789,7096,1020.00,517.00
1701111794,7248,1028.00,523.00
1701111795,7253,1031.00,523.00
1701111795,7265,1032.00,523.00
1701111797,7316,1033.00,523.00
1701111797,7321,1034.00,523.00
1701111806,7559,1035.00,523.00
1701111806,7579,1036.00,523.00
1701111807,7588,1037.00,523.00
1701111807,7593,1038.00,523.00
1701111807,7598,1039.00,523.00
1701111807,7603,1040.00,523.00
1701111808,7626,1041.00,523.00
1701111809,7657,1042.00,523.00
1701111810,7676,1043.00,523.00
1701111810,7695,1044.00,523.00
1701111811,7696,1045.00,523.00
1701111812,7749,1046.00,523.00
1701111813,7767,1047.00,523.00
1701111814,7788,1048.00,523.00
1701111822,8030,1049.00,523.00
1701111823,8039,1051.00,523.00
1701111825,8093,1052.00,523.00
1701111827,8148,1054.00,523.00
1701111829,8230,1055.00,523.00
1701111835,8358,1058.00,524.00
1701111836,8385,1059.00,524.00
1701111837,8387,1060.00,524.00
1701111837,8406,1061.00,524.00
1701111841,8481,1062.00,524.00
1701111842,8490,1063.00,524.00
1701111843,8509,1064.00,524.00
1701111845,8533,1065.00,524.00
1701111848,8582,1066.00,524.00
1701111850,8638,1067.00,524.00
1701111850,8640,1068.00,524.00
1701111850,8642,1069.00,524.00
1701111850,8645,1070.00,524.00
1701111857,8802,1071.00,524.00
1701111857,8804,1072.00,524.00
1701111866,9043,1073.00,524.00
1701111866,9050,1074.00,524.00
1701111866,9051,1075.00,524.00
1701111867,9076,1076.00,524.00
1701111868,9097,1077.00,524.00
1701111870,9140,1078.00,524.00
1701111872,9195,1079.00,524.00
1701111873,9223,1080.00,524.00
1701111874,9250,1081.00,524.00
1701111874,9251,1082.00,524.00
1701111876,9286,1083.00,524.00
1701111877,9322,1084.00,524.00
1701111877,9327,1085.00,524.00
1701111877,9329,1086.00,524.00
1701111878,9330,1087.00,524.00
1701111878,9350,1088.00,524.00
1701111879,9376,1089.00,524.00
1701111879,9378,1090.00,524.00
1701111890,9636,1091.00,524.00
1701111890,9650,1092.00,524.00
1701111891,9660,1093.00,524.00
1701111891,9668,1095.00,524.00
1701111892,9682,1099.00,527.00
1701111892,9683,1100.00,527.00
1701111893,9707,1101.00,527.00
1701111893,9709,1107.00,528.00
1701111893,9710,1108.00,528.00
1701111893,9726,1109.00,528.00
1701111894,9749,1111.00,528.00
1701111898,9834,1112.00,528.00
1701111898,9851,1113.00,528.00
1701111898,9853,1114.00,528.00
1701111900,9886,1115.00,528.00
1701111905,10028,1116.00,528.00
1701111924,10504,1117.00,528.00
1701111924,10505,1118.00,528.00
1701111926,10557,1119.00,528.00
1701111926,10558,1120.00,528.00
1701111933,10729,1121.00,528.00
1701111933,10734,1122.00,528.00
1701111946,11047,1123.00,528.00
1701111947,11086,1124.00,528.00
1701111954,11260,1125.00,528.00
1701111969,11637,1126.00,528.00
1701111971,11677,1130.00,528.00
1701111971,11686,1131.00,528.00
1701111974,11750,1132.00,528.00
1701111974,11751,1133.00,528.00
1701111975,11773,1134.00,528.00
1701111975,11776,1135.00,528.00
1701111976,11814,1136.00,528.00
1701111977,11833,1137.00,528.00
1701112012,12702,1138.00,528.00
1701112022,12959,1139.00,528.00
1701112049,13630,1140.00,528.00
1701112053,13732,1141.00,528.00
1701112055,13779,1142.00,528.00
1701112058,13847,1143.00,528.00
1701112061,13908,1144.00,528.00
1701112071,14175,1146.00,529.00
1701112084,14499,1148.00,529.00
1701112088,14585,1149.00,529.00
1701112088,14591,1150.00,529.00
1701112090,14636,1151.00,529.00
1701112094,14745,1152.00,529.00
1701112095,14750,1153.00,529.00
1701112114,15246,1154.00,529.00
1701112141,15914,1159.00,530.00
1701112176,16764,1160.00,530.00
1701112182,16918,1161.00,530.00
1701112188,16984,1162.00,530.00
1701112189,16995,1163.00,530.00
1701112215,17359,1164.00,530.00
1701112229,17632,1165.00,530.00
1701112230,17670,1167.00,531.00
1701112233,17741,1168.00,531.00
1701112256,18312,1171.00,532.00
1701112256,18313,1172.00,532.00
1701112269,18612,1173.00,532.00
1701112276,18777,1174.00,532.00
1701112277,18786,1175.00,532.00
1701112290,19090,1176.00,532.00
1701112294,19167,1177.00,532.00
1701112295,19191,1179.00,533.00
1701112301,19324,1180.00,533.00
1701112302,19348,1181.00,533.00
1701112304,19402,1184.00,534.00
1701112306,19443,1185.00,534.00
1701112314,19646,1186.00,534.00
1701112315,19648,1188.00,534.00
1701112315,19649,1189.00,534.00
1701112315,19650,1190.00,534.00
1701112315,19667,1191.00,534.00
1701112316,19684,1192.00,534.00
1701112316,19691,1193.00,534.00
1701112317,19692,1195.00,534.00
1701112317,19694,1196.00,534.00
1701112317,19698,1197.00,534.00
1701112317,19700,1198.00,534.00
1701112320,19767,1199.00,534.00
1701112326,19909,1200.00,534.00
1701112326,19910,1201.00,534.00
1701112328,19954,1202.00,534.00
1701112331,20014,1204.00,535.00
1701112334,20092,1206.00,535.00
1701112334,20094,1207.00,535.00
1701112341,20246,1208.00,535.00
1701112343,20282,1209.00,535.00
1701112363,20731,1210.00,535.00
1701112364,20763,1211.00,535.00
1701112371,20915,1212.00,535.00
1701112373,20961,1213.00,535.00
1701112378,21067,1216.00,537.00
1701112378,21081,1219.00,537.00
1701112382,21175,1220.00,537.00
1701112391,21362,1221.00,537.00
1701112391,21375,1222.00,537.00
1701112392,21391,1227.00,538.00
1701112393,21410,1229.00,538.00
1701112394,21422,1230.00,538.00
1701112395,21445,1231.00,538.00
1701112406,21673,1232.00,538.00
1701112414,21866,1233.00,538.00
1701112415,21869,1234.00,538.00
1701112416,21891,1235.00,538.00
1701112417,21915,1236.00,538.00
1701112417,21916,1237.00,538.00
1701112417,21921,1238.00,538.00
1701112423,22067,1239.00,538.00
1701112425,22107,1240.00,538.00
1701112430,22218,1241.00,538.00
1701112431,22235,1242.00,538.00
1701112452,22714,1243.00,538.00
1701112462,22939,1244.00,538.00
1701112463,22975,1264.00,548.00
1701112465,23013,1265.00,548.00
1701112466,23029,1266.00,548.00
1701112469,23095,1267.00,548.00
1701112472,23174,1269.00,549.00
1701112480,23342,1270.00,549.00
1701112499,23785,1271.00,549.00
1701112546,24257,1272.00,549.00
1701112549,24302,1273.00,549.00
1701112555,24375,1274.00,549.00
1701112567,24648,1275.00,549.00
1701112567,24653,1276.00,549.00
1701112568,24674,1277.00,549.00
1701112584,25023,1278.00,549.00
1701112596,25297,1279.00,549.00
1701112602,25420,1280.00,549.00
1701112603,25455,1281.00,549.00
1701112605,25510,1282.00,549.00
1701112606,25512,1283.00,549.00
1701112607,25547,1284.00,549.00
1701112615,25703,1285.00,549.00
1701112617,25746,1302.00,558.00
1701112617,25747,1303.00,558.00
1701112631,26079,1304.00,558.00
1701112639,26257,1305.00,558.00
1701112639,26278,1306.00,558.00
1701112641,26312,1328.00,570.00
1701112643,26347,1329.00,570.00
1701112653,26590,1330.00,570.00
1701112663,26810,1331.00,570.00
1701112676,27098,1332.00,570.00
1701112692,27469,1333.00,570.00
1701112692,27478,1338.00,572.00
1701112693,27486,1339.00,572.00
1701112694,27524,1340.00,572.00
1701112697,27592,1341.00,572.00
1701112704,27736,1342.00,572.00
1701112706,27771,1343.00,572.00
1701112714,27957,1344.00,572.00
1701112717,28027,1345.00,572.00
1701112726,28233,1346.00,572.00
1701112726,28235,1347.00,572.00
1701112729,28297,1348.00,572.00
1701112748,28644,1349.00,572.00
1701112750,28681,1350.00,572.00
1701112753,28732,1351.00,572.00
1701112769,28985,1352.00,572.00
1701112769,28986,1353.00,572.00
1701112782,29263,1354.00,572.00
1701112784,29306,1355.00,572.00
1701112801,29683,1356.00,572.00
1701112806,29811,1357.00,572.00
1701112807,29815,1358.00,572.00
1701112818,30075,1359.00,572.00
1701112819,30099,1360.00,572.00
1701112823,30179,1361.00,572.00
1701112823,30182,1362.00,572.00
1701112826,30243,1363.00,572.00
1701112826,30262,1364.00,572.00
1701112864,30554,1365.00,572.00
1701112878,30865,1366.00,572.00
1701112884,30982,1367.00,572.00
1701112887,31059,1368.00,572.00
1701112903,31414,1369.00,572.00
1701112903,31421,1370.00,572.00
1701112903,31425,1371.00,572.00
1701112905,31457,1372.00,572.00
1701112906,31496,1373.00,572.00
1701112907,31500,1374.00,572.00
1701112912,31615,1375.00,572.00
1701112912,31617,1376.00,572.00
1701112913,31652,1377.00,572.00
1701112923,31894,1378.00,572.00
1701112924,31907,1379.00,572.00
1701112930,32045,1380.00,572.00
1701112941,32307,1381.00,572.00
1701112944,32375,1382.00,572.00
1701112944,32386,1383.00,572.00
1701112949,32479,1385.00,573.00
1701112968,32916,1386.00,573.00
1701112968,32923,1387.00,573.00
1701112968,32928,1388.00,573.00
1701112972,33010,1389.00,573.00
1701112989,33316,1390.00,573.00
1701112990,33329,1391.00,573.00
1701112991,33335,1392.00,573.00
1701112991,33346,1393.00,573.00
1701112992,33359,1394.00,573.00
1701113004,33529,1395.00,573.00
1701113005,33533,1396.00,573.00
1701113008,33610,1397.00,573.00
1701113012,33712,1398.00,573.00
1701113022,33911,1399.00,573.00
1701113028,34044,1401.00,574.00
1701113107,34604,1402.00,574.00
1701113110,34661,1403.00,574.00
1701113110,34666,1404.00,574.00
1701113111,34693,1405.00,574.00
1701113114,34768,1406.00,574.00
1701113127,35039,1408.00,574.00
1701113128,35070,1409.00,574.00
1701113138,35281,1410.00,574.00
1701113138,35292,1411.00,574.00
1701113145,35449,1412.00,574.00
1701113151,35588,1413.00,574.00
1701113164,35866,1414.00,574.00
1701113171,36016,1415.00,574.00
1701113171,36017,1416.00,574.00
1701113173,36061,1417.00,574.00
1701113177,36117,1418.00,574.00
1701113177,36120,1419.00,574.00
1701113178,36134,1420.00,574.00
1701113182,36191,1421.00,574.00
1701113185,36243,1422.00,574.00
1701113185,36246,1423.00,574.00
1701113185,36247,1426.00,575.00
1701113188,36291,1427.00,575.00
1701113190,36323,1428.00,575.00
1701113195,36417,1429.00,575.00
1701113203,36593,1430.00,575.00
1701113211,36779,1432.00,577.00
1701113211,36780,1433.00,577.00
1701113225,37093,1434.00,577.00
1701113238,37363,1435.00,577.00
1701113241,37420,1436.00,577.00
1701113241,37426,1437.00,577.00
1701113243,37473,1438.00,577.00
1701113249,37621,1439.00,577.00
1701113250,37623,1441.00,577.00
1701113251,37652,1442.00,577.00
1701113251,37659,1443.00,577.00
1701113254,37705,1444.00,577.00
1701113255,37711,1445.00,577.00
1701113257,37750,1446.00,577.00
1701113258,37752,1447.00,577.00
1701113259,37779,1448.00,577.00
1701113264,37883,1449.00,577.00
1701113267,37953,1450.00,577.00
1701113268,37977,1451.00,577.00
1701113270,38010,1452.00,577.00
1701113287,38392,1453.00,577.00
1701113292,38519,1454.00,577.00
1701113328,39159,1456.00,578.00
1701113331,39215,1457.00,578.00
1701113332,39247,1458.00,578.00
1701113338,39320,1459.00,578.00
1701113339,39343,1460.00,578.00
1701113346,39453,1461.00,578.00
1701113354,39646,1462.00,578.00
1701113355,39672,1463.00,578.00
1701113355,39676,1464.00,578.00
1701113356,39684,1465.00,578.00
1701113368,39956,1466.00,578.00
1701113370,39985,1467.00,578.00
1701113370,39986,1471.00,580.00
1701113370,39993,1474.00,580.00
1701113371,40008,1475.00,580.00
1701113371,40009,1476.00,580.00
1701113371,40019,1477.00,580.00
1701113371,40023,1478.00,580.00
1701113371,40024,1479.00,580.00
1701113372,40035,1480.00,580.00
1701113373,40063,1481.00,580.00
1701113373,40064,1482.00,580.00
1701113373,40067,1483.00,580.00
1701113373,40068,1484.00,580.00
1701113375,40106,1485.00,580.00
1701113405,40762,1486.00,580.00
1701113422,41088,1487.00,580.00
1701113424,41128,1494.00,584.00
1701113424,41133,1495.00,584.00
1701113429,41237,1496.00,584.00
1701113430,41260,1499.00,585.00
1701113431,41269,1502.00,586.00
1701113434,41334,1508.00,591.00
1701113441,41500,1509.00,591.00
1701113442,41506,1510.00,591.00
1701113446,41598,1511.00,591.00
1701113456,41757,1512.00,591.00
1701113462,41846,1514.00,591.00
1701113477,42070,1516.00,591.00
1701113483,42202,1517.00,591.00
1701113499,42562,1518.00,591.00
1701113499,42563,1519.00,591.00
1701113500,42581,1520.00,591.00
1701113504,42644,1521.00,591.00
1701113508,42723,1522.00,591.00
1701113509,42762,1536.00,594.00
1701113513,42854,1537.00,594.00
1701113522,43049,1538.00,594.00
1701113522,43051,1539.00,594.00
1701113523,43066,1540.00,594.00
1701113528,43185,1541.00,594.00
1701113531,43238,1542.00,594.00
1701113539,43404,1543.00,594.00
1701113542,43486,1544.00,594.00
1701113543,43515,1545.00,594.00
1701113552,43677,1546.00,594.00
1701113558,43829,1554.00,596.00
1701113570,44069,1555.00,596.00
1701113579,44280,1556.00,596.00
1701113580,44304,1558.00,596.00
1701113585,44398,1559.00,596.00
1701113585,44399,1560.00,596.00
1701113588,44468,1561.00,596.00
1701113593,44568,1564.00,596.00
1701113601,44705,1565.00,596.00
1701113624,45110,1566.00,596.00
1701113631,45196,1606.00,628.00
1701113631,45197,1607.00,628.00
1701113632,45204,1609.00,628.00
1701113650,45508,1610.00,628.00
1701113652,45560,1611.00,628.00
1701113652,45562,1612.00,628.00
1701113660,45742,1613.00,628.00
1701113660,45745,1614.00,628.00
1701113662,45776,1615.00,628.00
1701113663,45809,1616.00,628.00
1701113664,45816,1617.00,628.00
1701113664,45820,1618.00,628.00
1701113664,45830,1619.00,628.00
1701113666,45855,1620.00,628.00
1701113670,45958,1621.00,628.00
1701113671,45975,1622.00,628.00
1701113672,45990,1623.00,628.00
1701113673,46006,1624.00,628.00
1701113674,46033,1625.00,628.00
1701113674,46036,1626.00,628.00
1701113678,46114,1627.00,628.00
1701113679,46123,1628.00,628.00
1701113680,46141,1629.00,628.00
1701113690,46365,1630.00,628.00
1701113692,46418,1632.00,628.00
1701113694,46449,1636.00,631.00
1701113707,46730,1637.00,631.00
1701113715,46905,1638.00,631.00
1701113717,46940,1639.00,631.00
1701113722,47056,1640.00,631.00
1701113724,47097,1646.00,631.00
1701113724,47103,1651.00,632.00
1701113725,47107,1653.00,632.00
1701113725,47110,1654.00,632.00
1701113727,47157,1676.00,641.00
1701113729,47192,1677.00,641.00
1701113736,47352,1678.00,641.00
1701113758,47803,1679.00,641.00
1701113759,47826,1680.00,641.00
1701113773,48112,1681.00,641.00
1701113776,48177,1682.00,641.00
1701113779,48240,1683.00,641.00
1701113781,48277,1684.00,641.00
1701113782,48304,1685.00,641.00
1701113791,48499,1686.00,641.00
1701113792,48509,1687.00,641.00
1701113806,48820,1688.00,641.00
1701113806,48830,1690.00,642.00
1701113809,48871,1693.00,643.00
1701113814,48994,1696.00,644.00
1701113818,49070,1697.00,644.00
1701113820,49112,1698.00,644.00
1701113820,49117,1699.00,644.00
1701113837,49489,1707.00,648.00
1701113843,49602,1708.00,648.00
1701113845,49643,1715.00,651.00
1701113845,49661,1716.00,651.00
1701113846,49674,1717.00,651.00
1701113852,49788,1718.00,651.00
1701113886,50578,1719.00,651.00
1701113887,50604,1720.00,651.00
1701113888,50622,1722.00,652.00
1701113889,50643,1723.00,652.00
1701113891,50681,1727.00,653.00
1701113897,50817,1730.00,654.00
1701113908,51060,1732.00,654.00
1701113908,51064,1733.00,654.00
1701113911,51108,1734.00,654.00
1701113917,51254,1735.00,654.00
1701113917,51258,1738.00,656.00
1701113924,51399,1739.00,656.00
1701113924,51403,1742.00,656.00
1701113924,51411,1743.00,656.00
1701113928,51504,1744.00,656.00
1701113931,51557,1750.00,658.00
1701113931,51562,1752.00,659.00
1701113944,51827,1753.00,659.00
1701113944,51841,1760.00,662.00
1701113955,52072,1762.00,662.00
1701113959,52154,1763.00,662.00
1701113961,52188,1764.00,662.00
1701113961,52197,1765.00,662.00
1701113963,52237,1772.00,668.00
1701113966,52300,1773.00,668.00
1701113968,52345,1774.00,668.00
1701113969,52375,1775.00,668.00
1701113985,52709,1778.00,668.00
1701113988,52770,1779.00,668.00
1701113998,52988,1780.00,668.00
1701113999,53000,1781.00,668.00
1701113999,53013,1782.00,668.00
1701114004,53109,1783.00,668.00
1701114005,53124,1784.00,668.00
1701114013,53296,1785.00,668.00
1701114013,53297,1786.00,668.00
1701114015,53327,1787.00,668.00
1701114018,53391,1790.00,668.00
1701114024,53513,1791.00,668.00
1701114030,53643,1792.00,668.00
1701114032,53672,1793.00,668.00
1701114033,53701,1794.00,668.00
1701114037,53773,1795.00,668.00
1701114042,53890,1797.00,669.00
1701114042,53893,1798.00,669.00
1701114043,53908,1799.00,669.00
1701114049,54049,1800.00,669.00
1701114053,54122,1802.00,669.00
1701114060,54254,1803.00,669.00
1701114065,54359,1804.00,669.00
1701114065,54366,1805.00,669.00
1701114070,54479,1807.00,669.00
1701114071,54487,1808.00,669.00
1701114072,54500,1809.00,669.00
1701114072,54513,1811.00,669.00
1701114078,54629,1812.00,669.00
1701114087,54842,1814.00,669.00
1701114088,54847,1817.00,670.00
1701114089,54883,1818.00,670.00
1701114091,54910,1819.00,670.00
1701114092,54926,1820.00,670.00
1701114103,55173,1822.00,671.00
1701114111,55338,1824.00,671.00
1701114113,55377,1825.00,671.00
1701114115,55416,1826.00,671.00
1701114117,55446,1827.00,671.00
1701114123,55587,1828.00,671.00
1701114129,55713,1829.00,671.00
1701114132,55774,1832.00,671.00
1701114133,55786,1834.00,671.00
1701114140,55925,1837.00,671.00
1701114141,55941,1838.00,671.00
1701114141,55946,1839.00,671.00
1701114145,56026,1840.00,671.00
1701114164,56412,1841.00,671.00
1701114168,56478,1843.00,671.00
1701114185,56850,1844.00,671.00
1701114186,56870,1845.00,671.00
1701114190,56944,1846.00,671.00
1701114199,57138,1847.00,671.00
1701114206,57288,1848.00,671.00
1701114209,57337,1849.00,671.00
1701114215,57461,1850.00,671.00
1701114236,57897,1852.00,672.00
1701114238,57936,1865.00,680.00
1701114239,57950,1866.00,680.00
1701114240,57969,1867.00,680.00
1701114244,58046,1868.00,680.00
1701114246,58087,1869.00,680.00
1701114246,58095,1870.00,680.00
1701114249,58152,1871.00,680.00
1701114251,58192,1872.00,680.00
1701114258,58336,1873.00,680.00
1701114260,58362,1875.00,681.00
1701114261,58397,1876.00,681.00
1701114263,58424,1877.00,681.00
1701114263,58425,1878.00,681.00
1701114266,58497,1879.00,681.00
1701114270,58568,1880.00,681.00
1701114284,58870,1881.00,681.00
1701114288,58940,1914.00,712.00
1701114289,58955,1917.00,713.00
1701114289,58963,1919.00,713.00
1701114294,59070,1922.00,713.00
1701114296,59097,1924.00,713.00
1701114318,59552,1925.00,713.00
1701114319,59566,1926.00,713.00
1701114320,59576,1927.00,713.00
1701114321,59592,1928.00,713.00
1701114321,59604,1929.00,713.00
1701114322,59613,1931.00,713.00
1701114332,59782,1932.00,713.00
1701114342,59988,1933.00,713.00
1701114373,60605,1934.00,713.00
1701114390,60966,1940.00,713.00
1701114390,60971,1943.00,713.00
1701114392,61001,1946.00,713.00
1701114400,61170,1947.00,713.00
1701114412,61389,1948.00,713.00
1701114413,61412,1949.00,713.00
1701114417,61501,1950.00,713.00
1701114418,61507,1951.00,713.00
1701114424,61624,1952.00,713.00
1701114424,61625,1954.00,713.00
1701114429,61719,1956.00,713.00
1701114432,61784,1958.00,714.00
1701114433,61795,1959.00,714.00
1701114435,61825,1960.00,714.00
1701114446,62078,1961.00,714.00
1701114457,62326,1962.00,714.00
1701114458,62331,1963.00,714.00
1701114472,62622,1964.00,714.00
1701114476,62700,1965.00,714.00
1701114479,62745,1966.00,715.00
1701114479,62746,1967.00,715.00
1701114480,62763,1968.00,715.00
1701114486,62890,1969.00,715.00
1701114487,62902,1970.00,715.00
1701114508,63308,1971.00,715.00
1701114521,63527,1973.00,715.00
1701114525,63599,2003.00,734.00
1701114527,63636,2005.00,734.00
1701114534,63788,2006.00,734.00
1701114540,63897,2008.00,734.00
1701114540,63906,2010.00,734.00
1701114543,63951,2011.00,734.00
1701114545,63980,2012.00,734.00
1701114553,64120,2013.00,734.00
1701114559,64219,2014.00,734.00
1701114576,64550,2015.00,734.00
1701114580,64622,2016.00,734.00
1701114592,64844,2017.00,734.00
1701114605,65052,2019.00,734.00
1701114625,65405,2021.00,735.00
1701114631,65511,2022.00,735.00
1701114637,65609,2029.00,740.00
1701114637,65612,2031.00,740.00
1701114639,65637,2032.00,740.00
1701114639,65639,2033.00,740.00
1701114642,65693,2034.00,740.00
1701114649,65804,2037.00,741.00
1701114655,65878,2038.00,742.00
1701114655,65879,2039.00,742.00
1701114656,65894,2045.00,744.00
1701114671,66198,2046.00,744.00
1701114673,66227,2049.00,746.00
1701114676,66277,2050.00,746.00
1701114677,66284,2052.00,746.00
1701114679,66320,2053.00,747.00
1701114682,66361,2054.00,747.00
1701114684,66404,2057.00,747.00
1701114685,66410,2058.00,747.00
1701114693,66559,2059.00,747.00
1701114693,66562,2061.00,748.00
1701114696,66606,2062.00,748.00
1701114710,66853,2063.00,748.00
1701114710,66856,2064.00,748.00
1701114715,66919,2065.00,748.00
1701114721,67030,2066.00,748.00
1701114722,67041,2067.00,748.00
1701114730,67193,2068.00,748.00
1701114732,67216,2070.00,748.00
1701114733,67244,2071.00,748.00
1701114835,69613,2072.00,748.00
1701114838,69671,2078.00,750.00
1701114839,69696,2079.00,750.00
1701114844,69796,2080.00,750.00
1701114889,70750,2082.00,751.00
1701114923,71494,2083.00,751.00
1701115013,73458,2084.00,751.00
1701115063,74511,2085.00,751.00
1701115130,75962,2087.00,751.00
1701115174,76941,2089.00,752.00
1701115224,77975,2090.00,752.00
1701115257,78713,2092.00,753.00
1701115283,79258,2094.00,755.00
1701115283,79259,2098.00,757.00
1701115283,79262,2099.00,757.00
1701115283,79263,2100.00,757.00
1701115283,79266,2101.00,757.00
1701115283,79268,2102.00,757.00
1701115284,79285,2103.00,757.00
1701115286,79338,2104.00,757.00
1701115286,79339,2105.00,757.00
1701115287,79352,2106.00,757.00
1701115287,79353,2107.00,757.00
1701115287,79360,2108.00,757.00
1701115287,79361,2109.00,757.00
1701115287,79364,2110.00,757.00
1701115289,79394,2111.00,757.00
1701115289,79396,2112.00,757.00
1701115289,79413,2113.00,757.00
1701115290,79419,2114.00,757.00
1701115290,79434,2115.00,757.00
1701115293,79484,2117.00,757.00
1701115293,79495,2118.00,757.00
1701115293,79496,2119.00,757.00
1701115294,79513,2120.00,757.00
1701115295,79528,2121.00,757.00
1701115296,79542,2122.00,757.00
1701115296,79543,2123.00,757.00
1701115296,79560,2124.00,757.00
1701115297,79572,2125.00,757.00
1701115297,79578,2130.00,759.00
1701115297,79579,2131.00,759.00
1701115297,79581,2132.00,759.00
1701115298,79584,2133.00,759.00
1701115298,79586,2134.00,759.00
1701115298,79590,2135.00,759.00
1701115298,79601,2136.00,759.00
1701115298,79605,2137.00,759.00
1701115299,79615,2138.00,759.00
1701115300,79638,2139.00,759.00
1701115301,79671,2140.00,759.00
1701115302,79672,2141.00,759.00
1701115304,79724,2142.00,759.00
1701115306,79767,2143.00,759.00
1701115308,79823,2144.00,759.00
1701115308,79826,2145.00,759.00
1701115311,79893,2147.00,759.00
1701115311,79894,2148.00,759.00
1701115313,79922,2150.00,759.00
1701115314,79939,2151.00,759.00
1701115314,79940,2152.00,759.00
1701115314,79943,2153.00,759.00
1701115314,79944,2154.00,759.00
1701115316,79982,2155.00,759.00
1701115316,79994,2156.00,759.00
1701115316,79995,2157.00,759.00
1701115318,80050,2158.00,759.00
1701115319,80061,2159.00,759.00
1701115319,80064,2160.00,759.00
1701115320,80080,2161.00,759.00
1701115320,80091,2162.00,759.00
1701115321,80099,2163.00,759.00
1701115321,80109,2164.00,759.00
1701115322,80128,2165.00,759.00
1701115322,80129,2166.00,759.00
1701115331,80314,2167.00,759.00
1701115332,80342,2169.00,759.00
1701115332,80344,2170.00,759.00
1701115333,80360,2171.00,759.00
1701115334,80384,2172.00,759.00
1701115335,80402,2173.00,759.00
1701115335,80405,2174.00,759.00
1701115336,80442,2175.00,759.00
1701115338,80477,2176.00,759.00
1701115338,80478,2177.00,759.00
1701115338,80487,2178.00,759.00
1701115338,80488,2179.00,759.00
1701115340,80512,2181.00,759.00
1701115341,80537,2182.00,759.00
1701115341,80551,2184.00,759.00
1701115347,80675,2185.00,759.00
1701115352,80795,2186.00,759.00
1701115352,80796,2187.00,759.00
1701115353,80821,2188.00,759.00
1701115358,80920,2189.00,759.00
1701115369,81172,2190.00,759.00
1701115376,81305,2191.00,759.00
1701115381,81431,2192.00,759.00
1701115382,81451,2194.00,759.00
1701115382,81452,2195.00,759.00
1701115392,81661,2197.00,759.00
1701115396,81746,2198.00,759.00
1701115404,81912,2199.00,759.00
1701115404,81915,2200.00,759.00
1701115409,82025,2201.00,759.00
1701115418,82216,2202.00,759.00
1701115423,82337,2203.00,759.00
1701115425,82364,2204.00,759.00
1701115433,82548,2206.00,759.00
1701115435,82585,2207.00,759.00
1701115438,82651,2208.00,759.00
1701115444,82778,2209.00,759.00
1701115446,82826,2211.00,759.00
1701115446,82830,2213.00,759.00
1701115446,82832,2215.00,759.00
1701115470,83359,2217.00,759.00
1701115498,83952,2218.00,759.00
1701115498,83964,2219.00,759.00
1701115500,84004,2220.00,759.00
1701115517,84386,2222.00,760.00
1701115519,84422,2223.00,760.00
1701115521,84473,2224.00,760.00
1701115521,84474,2225.00,760.00
1701115650,87550,2227.00,761.00
1701115654,87650,2228.00,761.00
1701115656,87691,2229.00,761.00
1701115663,87846,2230.00,761.00
1701115664,87862,2232.00,761.00
1701115684,88314,2233.00,761.00
1701115687,88363,2234.00,761.00
1701115693,88506,2236.00,761.00
1701115699,88623,2237.00,761.00
1701115706,88776,2238.00,761.00
1701115707,88790,2239.00,761.00
1701115707,88799,2240.00,761.00
1701115707,88800,2241.00,761.00
1701115715,88979,2243.00,761.00
1701115719,89059,2245.00,761.00
1701115722,89118,2246.00,761.00
1701115723,89136,2247.00,761.00
1701115729,89270,2248.00,761.00
1701115734,89379,2249.00,761.00
1701115738,89461,2250.00,761.00
1701115745,89614,2251.00,761.00
1701115752,89752,2253.00,762.00
1701115757,89864,2254.00,762.00
1701115772,90185,2255.00,762.00
1701115772,90186,2256.00,762.00
1701115783,90414,2258.00,762.00
1701115784,90432,2259.00,762.00
1701115785,90445,2260.00,762.00
1701115787,90482,2261.00,762.00
1701115788,90505,2262.00,762.00
1701115793,90616,2263.00,762.00
1701115793,90617,2264.00,762.00
1701115796,90690,2266.00,762.00
1701115802,90801,2267.00,762.00
1701115804,90846,2268.00,762.00
1701115845,91722,2270.00,762.00
1701115869,92251,2272.00,762.00
1701115888,92662,2274.00,762.00
1701115900,92924,2275.00,762.00
1701115901,92952,2276.00,762.00
1701115903,92987,2278.00,762.00
1701115904,92996,2279.00,762.00
1701115915,93254,2282.00,762.00
1701115916,93261,2283.00,762.00
1701115916,93263,2284.00,762.00
1701115916,93264,2285.00,762.00
1701115922,93326,2287.00,762.00
1701115937,93440,2289.00,762.00
1701115938,93447,2290.00,762.00
1701115938,93453,2291.00,762.00
1701115941,93471,2292.00,762.00
1701115941,93473,2294.00,763.00
1701115943,93495,2295.00,763.00
1701115974,93995,2296.00,763.00
1701115981,94145,2298.00,763.00
1701115995,94435,2299.00,763.00
1701116010,94750,2300.00,763.00
1701116056,95765,2301.00,763.00
1701116063,95903,2302.00,763.00
1701116066,95973,2304.00,763.00
1701116087,96442,2305.00,763.00
1701116111,96943,2306.00,763.00
1701116126,97240,2307.00,763.00
1701116133,97349,2308.00,763.00
1701116137,97418,2310.00,763.00
1701116138,97432,2311.00,763.00
1701116142,97489,2312.00,763.00
1701116144,97535,2313.00,763.00
1701116144,97540,2314.00,763.00
1701116151,97648,2315.00,763.00
1701116188,98439,2316.00,763.00
1701116188,98442,2317.00,763.00
1701116190,98487,2318.00,763.00
1701116192,98520,2320.00,763.00
1701116200,98687,2321.00,763.00
1701116209,98872,2322.00,763.00
1701116252,99141,2323.00,763.00
1701116262,99339,2325.00,763.00
1701116268,99470,2326.00,763.00
1701116272,99567,2327.00,763.00
1701116359,101402,2329.00,763.00
1701116412,102386,2331.00,763.00
1701116421,102571,2332.00,763.00
1701116421,102585,2334.00,763.00
1701116429,102739,2336.00,764.00
1701116430,102750,2338.00,764.00
1701116431,102759,2339.00,764.00
1701116431,102760,2340.00,764.00
1701116437,102862,2342.00,764.00
1701116446,103052,2344.00,764.00
1701116538,103835,2345.00,764.00
1701116606,105290,2347.00,764.00
1701116614,105459,2348.00,764.00
1701116614,105464,2351.00,764.00
1701116615,105475,2352.00,764.00
1701116626,105632,2353.00,764.00
1701116626,105642,2355.00,764.00
1701116629,105683,2357.00,764.00
1701116633,105742,2358.00,764.00
1701116672,106527,2359.00,764.00
1701116682,106734,2360.00,764.00
1701116684,106766,2362.00,764.00
1701116685,106784,2364.00,764.00
1701116714,107293,2365.00,764.00
1701116715,107311,2366.00,764.00
1701116716,107312,2367.00,764.00
1701116716,107322,2368.00,764.00
1701116717,107328,2369.00,764.00
1701116717,107335,2370.00,764.00
1701116734,107587,2371.00,764.00
1701116738,107651,2372.00,764.00
1701116740,107698,2373.00,764.00
1701116741,107713,2374.00,764.00
1701116746,107803,2375.00,764.00
1701116748,107819,2377.00,764.00
1701116750,107852,2378.00,764.00
1701116769,108167,2379.00,764.00
1701116772,108232,2380.00,764.00
1701116773,108262,2381.00,764.00
1701116774,108278,2382.00,764.00
1701116823,109252,2383.00,764.00
1701116849,109788,2385.00,765.00
1701116850,109800,2386.00,765.00
1701116851,109820,2387.00,765.00
1701116852,109850,2389.00,765.00
1701116857,109936,2390.00,765.00
1701116862,110023,2392.00,765.00
1701116863,110044,2393.00,765.00
1701116863,110049,2395.00,765.00
1701116867,110137,2397.00,765.00
1701116867,110139,2399.00,765.00
1701116868,110155,2400.00,765.00
1701116869,110163,2401.00,765.00
1701116877,110292,2402.00,765.00
1701116918,110925,2404.00,765.00
1701116938,111326,2405.00,765.00
1701116944,111429,2406.00,765.00
1701116946,111465,2408.00,765.00
1701116973,111982,2409.00,765.00
1701116976,112056,2410.00,765.00
1701116977,112061,2412.00,765.00
1701116977,112072,2413.00,765.00
1701116978,112085,2414.00,765.00
1701116982,112160,2418.00,765.00
1701116990,112288,2421.00,765.00
1701117001,112514,2423.00,765.00
1701117001,112517,2425.00,765.00
1701117005,112609,2427.00,766.00
1701117008,112665,2428.00,766.00
1701117013,112776,2429.00,766.00
1701117014,112783,2431.00,766.00
1701117015,112816,2434.00,766.00
1701117031,113093,2435.00,766.00
1701117032,113125,2436.00,766.00
1701117040,113253,2438.00,766.00
1701117064,113621,2439.00,766.00
1701117067,113695,2441.00,766.00
1701117075,113858,2443.00,766.00
1701117078,113917,2444.00,767.00
1701117078,113918,2445.00,767.00
1701117079,113941,2446.00,767.00
1701117082,114006,2448.00,767.00
1701117097,114302,2450.00,767.00
1701117099,114345,2452.00,767.00
1701117100,114358,2453.00,767.00
1701117100,114362,2455.00,767.00
1701117102,114392,2456.00,767.00
1701117103,114419,2457.00,767.00
1701117105,114452,2459.00,767.00
1701117106,114466,2460.00,767.00
1701117112,114596,2462.00,767.00
1701117115,114659,2463.00,767.00
1701117118,114724,2464.00,767.00
1701117127,114910,2465.00,767.00
1701117166,115572,2466.00,767.00
1701117168,115602,2468.00,767.00
1701117174,115711,2470.00,767.00
1701117179,115810,2471.00,767.00
1701117182,115856,2472.00,767.00
1701117185,115910,2473.00,767.00
1701117185,115915,2474.00,767.00
1701117221,116629,2475.00,767.00
1701117246,117129,2476.00,767.00
1701117259,117408,2477.00,767.00
1701117276,117767,2478.00,767.00
1701117284,117913,2479.00,767.00
1701117289,118025,2481.00,767.00
1701117293,118100,2482.00,767.00
1701117293,118105,2483.00,767.00
1701117297,118176,2485.00,767.00
1701117303,118281,2486.00,767.00
1701117303,118282,2487.00,767.00
1701117331,118857,2488.00,767.00
1701117331,118868,2489.00,767.00
1701117340,119035,2491.00,767.00
1701117341,119058,2493.00,767.00
1701117350,119227,2494.00,767.00
1701117353,119282,2495.00,767.00
1701117367,119569,2496.00,767.00
1701117375,119727,2497.00,767.00
1701117381,119850,2500.00,767.00
1701117382,119857,2502.00,767.00
1701117388,119982,2503.00,767.00
1701117391,120043,2505.00,767.00
1701117392,120062,2506.00,767.00
1701117393,120065,2507.00,767.00
1701117395,120103,2508.00,767.00
1701117398,120174,2509.00,767.00
1701117400,120209,2510.00,767.00
1701117409,120387,2512.00,767.00
1701117415,120490,2514.00,767.00
1701117422,120646,2519.00,769.00
1701117429,120772,2520.00,769.00
1701117443,121046,2521.00,769.00
1701117444,121051,2522.00,769.00
1701117453,121250,2523.00,769.00
1701117455,121281,2524.00,769.00
1701117455,121284,2528.00,770.00
1701117464,121448,2529.00,770.00
1701117467,121511,2530.00,770.00
1701117472,121609,2531.00,770.00
1701117474,121642,2532.00,770.00
1701117481,121780,2534.00,770.00
1701117482,121804,2535.00,770.00
1701117488,121910,2536.00,770.00
1701117488,121918,2537.00,770.00
1701117489,121940,2539.00,770.00
1701117491,121962,2540.00,770.00
1701117501,122172,2541.00,770.00
1701117506,122276,2544.00,770.00
1701117513,122403,2546.00,770.00
1701117513,122409,2547.00,770.00
1701117517,122481,2548.00,770.00
1701117517,122485,2549.00,770.00
1701117519,122531,2550.00,770.00
1701117522,122581,2551.00,770.00
1701117550,123195,2552.00,771.00
1701117550,123196,2553.00,771.00
1701117633,125048,2554.00,771.00
1701117638,125158,2557.00,772.00
1701117643,125247,2558.00,772.00
1701117673,125827,2559.00,772.00
1701117673,125833,2560.00,772.00
1701117681,125962,2561.00,772.00
1701117688,126101,2563.00,772.00
1701117688,126103,2564.00,772.00
1701117694,126216,2565.00,772.00
1701117698,126283,2566.00,772.00
1701117701,126351,2568.00,772.00
1701117724,126795,2569.00,772.00
1701117725,126818,2571.00,772.00
1701117726,126837,2573.00,772.00
1701117734,126982,2574.00,772.00
1701117740,127101,2575.00,772.00
1701117742,127126,2576.00,772.00
1701117742,127128,2580.00,773.00
1701117742,127131,2581.00,773.00
1701117744,127160,2582.00,773.00
1701117751,127286,2583.00,773.00
1701117753,127323,2585.00,773.00
1701117753,127328,2586.00,773.00
1701117761,127478,2587.00,773.00
1701117769,127622,2589.00,773.00
1701117772,127679,2590.00,773.00
1701117775,127725,2591.00,773.00
1701117780,127814,2592.00,773.00
1701117781,127835,2594.00,773.00
1701117782,127850,2595.00,773.00
1701117783,127861,2596.00,773.00
1701117783,127863,2597.00,773.00
1701117784,127893,2599.00,773.00
1701117785,127894,2600.00,773.00
1701117785,127899,2602.00,773.00
1701117785,127902,2603.00,773.00
1701117786,127915,2606.00,773.00
1701117795,128067,2608.00,773.00
1701117796,128096,2609.00,773.00
1701117799,128146,2611.00,773.00
1701117802,128187,2613.00,773.00
1701117804,128218,2614.00,773.00
1701117806,128251,2615.00,773.00
1701117807,128265,2616.00,773.00
1701117808,128272,2617.00,773.00
1701117810,128303,2618.00,773.00
1701117810,128307,2619.00,773.00
1701117811,128315,2620.00,773.00
1701117811,128317,2624.00,773.00
1701117812,128340,2625.00,773.00
1701117813,128352,2626.00,773.00
1701117815,128393,2628.00,773.00
1701117817,128427,2629.00,773.00
1701117822,128513,2630.00,773.00
1701117828,128608,2631.00,773.00
1701117842,128884,2632.00,773.00
1701117843,128898,2633.00,773.00
1701117844,128915,2634.00,773.00
1701117848,128982,2635.00,773.00
1701117856,129111,2636.00,773.00
1701117856,129117,2638.00,773.00
1701117865,129269,2640.00,773.00
1701117865,129282,2641.00,773.00
1701117867,129301,2642.00,773.00
1701117871,129389,2645.00,774.00
1701117878,129505,2648.00,774.00
1701117880,129543,2649.00,774.00
1701117885,129632,2651.00,775.00
1701117887,129665,2652.00,775.00
1701117887,129667,2653.00,775.00
1701117900,129889,2654.00,775.00
1701117905,129977,2655.00,775.00
1701117908,130031,2657.00,775.00
1701117912,130084,2658.00,775.00
1701117913,130105,2660.00,775.00
1701117915,130143,2661.00,775.00
1701117924,130286,2662.00,775.00
1701117928,130353,2663.00,775.00
1701117935,130466,2665.00,775.00
1701117940,130564,2666.00,775.00
1701117948,130708,2667.00,775.00
1701117948,130717,2668.00,775.00
1701117950,130752,2669.00,775.00
1701117956,130873,2671.00,775.00
1701117957,130877,2673.00,775.00
1701117957,130887,2674.00,775.00
1701117960,130937,2675.00,775.00
1701117966,131034,2676.00,775.00
1701117972,131125,2677.00,775.00
1701117972,131129,2679.00,775.00
1701117973,131145,2680.00,775.00
1701117975,131176,2681.00,775.00
1701117975,131180,2682.00,775.00
1701117976,131186,2683.00,775.00
1701117978,131224,2684.00,775.00
1701117979,131237,2686.00,775.00
1701117979,131243,2687.00,775.00
1701117986,131350,2689.00,775.00
1701118003,131657,2690.00,775.00
1701118003,131661,2691.00,775.00
1701118005,131700,2692.00,775.00
1701118008,131740,2693.00,775.00
1701118010,131775,2694.00,775.00
1701118161,135042,2695.00,775.00
1701118226,136447,2696.00,775.00
1701118228,136483,2697.00,775.00
1701118229,136490,2698.00,775.00
1701118231,136518,2699.00,775.00
1701118233,136551,2701.00,775.00
1701118233,136559,2703.00,775.00
1701118236,136591,2704.00,775.00
1701118236,136598,2705.00,775.00
1701118236,136600,2707.00,775.00
1701118239,136635,2708.00,775.00
1701118240,136654,2709.00,775.00
1701118240,136663,2710.00,775.00
1701118241,136667,2712.00,776.00
1701118242,136700,2713.00,776.00
1701118243,136710,2714.00,777.00
1701118245,136743,2716.00,777.00
1701118253,136881,2719.00,779.00
1701118255,136919,2720.00,779.00
1701118262,137053,2721.00,779.00
1701118282,137434,2722.00,779.00
1701118296,137702,2723.00,779.00
1701118304,137851,2724.00,779.00
1701118304,137857,2726.00,780.00
1701118378,139308,2727.00,780.00
1701118379,139326,2728.00,780.00
1701118418,140068,2729.00,780.00
1701118479,141189,2731.00,780.00
1701118712,145713,2732.00,780.00
1701118733,146125,2733.00,780.00
1701118737,146182,2734.00,780.00
1701118738,146193,2738.00,780.00
1701118740,146242,2739.00,780.00
1701118770,146817,2740.00,780.00
1701118772,146867,2742.00,780.00
1701118798,147381,2744.00,780.00
1701118815,147725,2745.00,780.00
1701118819,147793,2746.00,780.00
1701118837,148132,2747.00,780.00
1701118885,148982,2748.00,780.00
1701118951,150145,2749.00,780.00
1701118954,150169,2751.00,780.00
1701118962,150242,2753.00,780.00
1701118964,150267,2754.00,780.00
1701118967,150296,2755.00,780.00
1701118970,150335,2757.00,781.00
1701118972,150353,2758.00,781.00
1701118974,150367,2759.00,781.00
1701118976,150394,2760.00,781.00
1701118984,150457,2761.00,781.00
1701119013,150639,2764.00,782.00
1701119013,150640,2767.00,782.00
1701119014,150643,2768.00,782.00
1701119015,150647,2769.00,782.00
1701119015,150648,2770.00,782.00
1701119015,150649,2771.00,782.00
1701119016,150662,2773.00,782.00
1701119016,150667,2774.00,782.00
1701119016,150669,2775.00,782.00
1701119016,150670,2776.00,782.00
1701119017,150680,2777.00,782.00
1701119018,150696,2778.00,782.00
1701119021,150715,2779.00,782.00
1701119024,150737,2781.00,782.00
1701119027,150767,2782.00,782.00
1701119034,150837,2783.00,782.00
1701119039,150878,2784.00,782.00
1701119042,150916,2785.00,782.00
1701119042,150918,2787.00,782.00
1701119047,151004,2788.00,782.00
1701119049,151048,2789.00,782.00
1701119054,151138,2790.00,782.00
1701119055,151167,2791.00,782.00
1701119056,151183,2792.00,782.00
1701119062,151302,2794.00,782.00
1701119068,151396,2795.00,782.00
1701119069,151416,2796.00,782.00
1701119072,151471,2797.00,782.00
1701119072,151472,2798.00,782.00
1701119072,151473,2799.00,782.00
1701119078,151562,2800.00,782.00
1701119082,151615,2801.00,782.00
1701119083,151622,2803.00,782.00
1701119084,151628,2804.00,782.00
1701119088,151685,2806.00,782.00
1701119090,151713,2807.00,782.00
1701119104,151965,2809.00,782.00
1701119107,152000,2810.00,782.00
1701119110,152035,2811.00,782.00
1701119119,152202,2812.00,782.00
1701119119,152215,2813.00,782.00
1701119136,152478,2814.00,782.00
1701119179,152640,2815.00,782.00
1701119232,152997,2816.00,782.00
1701119232,153002,2818.00,782.00
1701119257,153403,2819.00,782.00
1701119258,153415,2820.00,782.00
1701119271,153590,2821.00,782.00
1701119271,153591,2822.00,782.00
1701119289,153882,2823.00,782.00
1701119292,153919,2824.00,782.00
1701119312,154198,2826.00,782.00
1701119312,154199,2827.00,782.00
1701119313,154212,2828.00,782.00
1701119360,154400,2829.00,782.00
1701119366,154411,2831.00,782.00
1701119417,154603,2832.00,782.00
1701119419,154651,2833.00,782.00
1701119426,154746,2834.00,782.00
1701119433,154835,2835.00,782.00
1701119436,154874,2837.00,782.00
1701119438,154890,2838.00,782.00
1701119448,155024,2839.00,782.00
1701119476,155418,2840.00,782.00
1701119480,155489,2841.00,782.00
1701119493,155701,2842.00,782.00
1701119495,155727,2843.00,782.00
1701119500,155786,2844.00,782.00
1701119749,160321,2845.00,782.00
1701120125,167345,2846.00,782.00
1701120125,167346,2847.00,782.00
1701121130,185504,2848.00,782.00
1701121298,188572,2849.00,782.00
1701122288,206652,2851.00,782.00